{
  "version": 1,
  "holidays": [
    {
      "date": {
        "datetime": {
          "day": 1,
          "month": 1,
          "year": 2026
        },
        "iso": "2026-01-01"
      },
      "name": "Jour de l'an",
      "primary_type": "National holiday",
      "type": [
        "National holiday"
      ]
    },
    {
      "date": {
        "datetime": {
          "day": 5,
          "month": 3,
          "year": 2026
        },
        "iso": "2026-03-05"
      },
      "name": "Arrivée de l'Évangile",
      "primary_type": "Regional holiday",
      "type": [
        "Regional holiday"
      ]
    },
    {
      "date": {
        "datetime": {
          "day": 12,
          "month": 3,
          "year": 2026
        },
        "iso": "2026-03-12"
      },
      "name": "Mi-Carême",
      "primary_type": "Regional holiday",
      "type": [
        "Regional holiday"
      ]
    },
    {
      "date": {
        "datetime": {
          "day": 3,
          "month": 4,
          "year": 2026
        },
        "iso": "2026-04-03"
      },
      "name": "Vendredi saint",
      "primary_type": "Regional holiday",
      "type": [
        "Regional holiday"
      ]
    },
    {
      "date": {
        "datetime": {
          "day": 6,
          "month": 4,
          "year": 2026
        },
        "iso": "2026-04-06"
      },
      "name": "Lundi de Pâques",
      "primary_type": "National holiday",
      "type": [
        "National holiday"
      ]
    },
    {
      "date": {
        "datetime": {
          "day": 27,
          "month": 4,
          "year": 2026
        },
        "iso": "2026-04-27"
      },
      "name": "Abolition de l'esclavage",
      "primary_type": "Regional holiday",
      "type": [
        "Regional holiday"
      ]
    },
    {
      "date": {
        "datetime": {
          "day": 28,
          "month": 4,
          "year": 2026
        },
        "iso": "2026-04-28"
      },
      "name": "Saint Pierre Chanel",
      "primary_type": "Regional holiday",
      "type": [
        "Regional holiday"
      ]
    },
    {
      "date": {
        "datetime": {
          "day": 1,
          "month": 5,
          "year": 2026
        },
        "iso": "2026-05-01"
      },
      "name": "Fête du Travail",
      "primary_type": "National holiday",
      "type": [
        "National holiday"
      ]
    },
    {
      "date": {
        "datetime": {
          "day": 8,
          "month": 5,
          "year": 2026
        },
        "iso": "2026-05-08"
      },
      "name": "Fête de la Victoire",
      "primary_type": "National holiday",
      "type": [
        "National holiday"
      ]
    },
    {
      "date": {
        "datetime": {
          "day": 14,
          "month": 5,
          "year": 2026
        },
        "iso": "2026-05-14"
      },
      "name": "Ascension",
      "primary_type": "National holiday",
      "type": [
        "National holiday"
      ]
    },
    {
      "date": {
        "datetime": {
          "day": 22,
          "month": 5,
          "year": 2026
        },
        "iso": "2026-05-22"
      },
      "name": "Abolition de l'esclavage",
      "primary_type": "Regional holiday",
      "type": [
        "Regional holiday"
      ]
    },
    {
      "date": {
        "datetime": {
          "day": 25,
          "month": 5,
          "year": 2026
        },
        "iso": "2026-05-25"
      },
      "name": "Lundi de Pentecôte",
      "primary_type": "National holiday",
      "type": [
        "National holiday"
      ]
    },
    {
      "date": {
        "datetime": {
          "day": 27,
          "month": 5,
          "year": 2026
        },
        "iso": "2026-05-27"
      },
      "name": "Abolition de l'esclavage",
      "primary_type": "Regional holiday",
      "type": [
        "Regional holiday"
      ]
    },
    {
      "date": {
        "datetime": {
          "day": 28,
          "month": 5,
          "year": 2026
        },
        "iso": "2026-05-28"
      },
      "name": "Abolition de l'esclavage",
      "primary_type": "Regional holiday",
      "type": [
        "Regional holiday"
      ]
    },
    {
      "date": {
        "datetime": {
          "day": 10,
          "month": 6,
          "year": 2026
        },
        "iso": "2026-06-10"
      },
      "name": "Abolition de l'esclavage",
      "primary_type": "Regional holiday",
      "type": [
        "Regional holiday"
      ]
    },
    {
      "date": {
        "datetime": {
          "day": 29,
          "month": 6,
          "year": 2026
        },
        "iso": "2026-06-29"
      },
      "name": "Saints Pierre et Paul",
      "primary_type": "Regional holiday",
      "type": [
        "Regional holiday"
      ]
    },
    {
      "date": {
        "datetime": {
          "day": 14,
          "month": 7,
          "year": 2026
        },
        "iso": "2026-07-14"
      },
      "name": "Fête nationale",
      "primary_type": "National holiday",
      "type": [
        "National holiday"
      ]
    },
    {
      "date": {
        "datetime": {
          "day": 21,
          "month": 7,
          "year": 2026
        },
        "iso": "2026-07-21"
      },
      "name": "Fête de Victor Schoelcher",
      "primary_type": "Regional holiday",
      "type": [
        "Regional holiday"
      ]
    },
    {
      "date": {
        "datetime": {
          "day": 29,
          "month": 7,
          "year": 2026
        },
        "iso": "2026-07-29"
      },
      "name": "Fête du Territoire",
      "primary_type": "Regional holiday",
      "type": [
        "Regional holiday"
      ]
    },
    {
      "date": {
        "datetime": {
          "day": 15,
          "month": 8,
          "year": 2026
        },
        "iso": "2026-08-15"
      },
      "name": "Assomption",
      "primary_type": "National holiday",
      "type": [
        "National holiday"
      ]
    },
    {
      "date": {
        "datetime": {
          "day": 24,
          "month": 9,
          "year": 2026
        },
        "iso": "2026-09-24"
      },
      "name": "Fête de la Citoyenneté",
      "primary_type": "Regional holiday",
      "type": [
        "Regional holiday"
      ]
    },
    {
      "date": {
        "datetime": {
          "day": 9,
          "month": 10,
          "year": 2026
        },
        "iso": "2026-10-09"
      },
      "name": "Abolition de l'esclavage",
      "primary_type": "Regional holiday",
      "type": [
        "Regional holiday"
      ]
    },
    {
      "date": {
        "datetime": {
          "day": 1,
          "month": 11,
          "year": 2026
        },
        "iso": "2026-11-01"
      },
      "name": "Toussaint",
      "primary_type": "National holiday",
      "type": [
        "National holiday"
      ]
    },
    {
      "date": {
        "datetime": {
          "day": 11,
          "month": 11,
          "year": 2026
        },
        "iso": "2026-11-11"
      },
      "name": "Armistice",
      "primary_type": "National holiday",
      "type": [
        "National holiday"
      ]
    },
    {
      "date": {
        "datetime": {
          "day": 20,
          "month": 11,
          "year": 2026
        },
        "iso": "2026-11-20"
      },
      "name": "Matāri'i",
      "primary_type": "Regional holiday",
      "type": [
        "Regional holiday"
      ]
    },
    {
      "date": {
        "datetime": {
          "day": 20,
          "month": 12,
          "year": 2026
        },
        "iso": "2026-12-20"
      },
      "name": "Abolition de l'esclavage",
      "primary_type": "Regional holiday",
      "type": [
        "Regional holiday"
      ]
    },
    {
      "date": {
        "datetime": {
          "day": 25,
          "month": 12,
          "year": 2026
        },
        "iso": "2026-12-25"
      },
      "name": "Noël",
      "primary_type": "National holiday",
      "type": [
        "National holiday"
      ]
    },
    {
      "date": {
        "datetime": {
          "day": 26,
          "month": 12,
          "year": 2026
        },
        "iso": "2026-12-26"
      },
      "name": "Saint Étienne",
      "primary_type": "Regional holiday",
      "type": [
        "Regional holiday"
      ]
    }
  ]
}
